trade_id,datetime,strategy,direction,session,entry,stop,exit,r_achieved,result,setup_type,signal_grade,trigger_tf,symbol,entry_time_utc,rr_target,pnl,risk_pct,risk_dollars,score,be_moved,tp1_hit,current_sl,partial_pnl_banked
450F72CE,2026-07-24T07:11:59.919804,supply_demand,buy,LONDON,1.33,,1.3336,1.5,WIN,,,,GBPUSD,2026-07-24T07:11:19.750689,1.5,112.5,0.75,75.0,7.16,1,0,1.33,0.0
E956657F,2026-07-24T08:22:53.021713,supply_demand,buy,LONDON,1.14,,1.1387,-1.0,LOSS,,,,EURUSD,2026-07-24T07:11:14.615643,1.5,-75.0,0.75,75.0,7.16,0,0,,0.0
4D66D4A2,2026-07-24T10:04:01.814747,supply_demand,sell,LONDON,4056.3,,4061.0,-1.0,LOSS,,,,XAUUSD,2026-07-24T09:29:14.642484,2.0,-52.2,0.52,52.2,6.96,0,0,,0.0
EA762DE7,2026-07-24T11:14:11.835457,supply_demand,sell,LONDON,4060.9,,4065.0,-1.0,LOSS,,,,XAUUSD,2026-07-24T10:56:32.912297,2.0,-51.92,0.52,51.92,6.96,0,0,,0.0
B7224B08,2026-07-24T11:33:36.801158,supply_demand,buy,LONDON,1.33,,1.3325,1.5,WIN,,,,GBPUSD,2026-07-24T11:32:41.998351,1.5,58.11,0.39,38.74,7.16,1,0,1.33,0.0
F3C845B1,2026-07-24T11:37:09.265949,supply_demand,sell,LONDON,1.14,,1.1384,1.5,WIN,,,,EURUSD,2026-07-24T09:24:07.066021,1.5,78.3,0.52,52.2,7.16,1,0,1.14,0.0
300A38C1,2026-07-24T11:58:56.011751,supply_demand,sell,LONDON,1.14,,1.1375,1.5,WIN,,,,EURUSD,2026-07-24T11:58:12.630556,1.5,78.54,0.52,52.36,7.16,1,0,1.14,0.0
E27B8308,2026-07-24T11:58:56.255630,supply_demand,sell,LONDON,1.33,,1.332,-1.0,LOSS,,,,GBPUSD,2026-07-24T11:58:25.498607,1.5,-52.36,0.52,52.36,7.16,0,0,,0.0
3E4AE327,2026-07-24T12:09:27.115303,supply_demand,sell,NY_OPEN,4056.0,,4060.8,-1.0,LOSS,,,,XAUUSD,2026-07-24T12:08:43.919809,2.0,-52.5,0.52,52.5,6.96,0,0,,0.0
45618A2A,2026-07-24T13:18:52.850467,supply_demand,sell,NY_OPEN,4054.9,,4049.2,2.0,WIN,,,,XAUUSD,2026-07-24T13:14:43.090728,2.0,112.48,0.56,56.24,6.55,1,0,4054.9,0.0
573E4929,2026-07-24T13:28:04.223920,supply_demand,sell,NY_OPEN,28584.0,,28605.5,-1.0,LOSS,,,,NQ,2026-07-24T13:19:56.104146,3.0,-84.29,0.83,84.29,7.16,0,0,,0.0
78B23D20,2026-07-24T13:41:33.605140,rp_profits,buy,NY_OPEN,7450.5,,7443.5,-1.0,LOSS,,,,ES,2026-07-24T13:14:48.910684,2.5,-75.33,0.75,75.33,7.56,0,0,,0.0
053F3BEF,2026-07-24T13:42:04.433789,ict_5step,buy,NY_OPEN,1.33,,1.332,1.5,WIN,,,,GBPUSD,2026-07-24T13:35:26.836372,1.5,113.31,0.75,75.54,7.21,1,0,1.33,0.0
A484921F,2026-07-24T13:46:35.285621,supply_demand,buy,NY_OPEN,7454.75,,7448.0,-1.0,LOSS,,,,ES,2026-07-24T13:45:34.769635,2.5,-52.57,0.52,52.57,7.16,0,0,,0.0
E5D74954,2026-07-24T13:56:05.943802,supply_demand,buy,NY_OPEN,1.14,,1.1377,-1.0,LOSS,,,,EURUSD,2026-07-24T13:55:54.554520,1.5,-52.3,0.52,52.3,6.96,0,0,,0.0
D5D16E41,2026-07-24T13:57:06.816031,ict_5step,sell,NY_OPEN,28478.75,,28456.5,3.0,WIN,,,,NQ,2026-07-24T13:55:47.486030,3.0,211.2,0.7,70.4,7.81,1,0,28478.75,0.0
E319F1FF,2026-07-24T14:01:07.141424,ict_5step,buy,NY_OPEN,1.14,,1.138,-1.0,LOSS,,,,EURUSD,2026-07-24T14:01:03.945088,1.5,-59.25,0.58,59.25,7.21,0,0,,0.0
9A25BDF6,2026-07-24T14:08:42.452621,rp_profits,sell,NY_OPEN,4061.2,,4065.2,-1.0,LOSS,,,,XAUUSD,2026-07-24T14:06:10.767274,2.0,-43.67,0.43,43.67,6.96,0,0,,0.0
66A4951A,2026-07-24T14:08:42.694558,ict_5step,sell,NY_OPEN,7433.25,,7439.75,-1.0,LOSS,,,,ES,2026-07-24T14:06:18.680725,2.5,-58.91,0.58,58.91,7.81,0,0,,0.0
FE693D59,2026-07-24T14:11:43.285980,rp_profits,sell,NY_OPEN,1.33,,1.3326,-1.0,LOSS,,,,GBPUSD,2026-07-24T14:11:31.435711,1.5,-26.14,0.26,26.14,6.55,0,0,,0.0
312BBD6A,2026-07-24T14:18:17.337233,rp_profits,buy,NY_OPEN,28361.5,,28406.0,3.0,WIN,,,,NQ,2026-07-24T14:16:44.141062,3.0,78.21,0.26,26.07,7.23,1,0,28361.5,0.0
D4E9DA13,2026-07-24T14:18:47.659967,rp_profits,buy,NY_OPEN,7438.0,,7448.0,2.5,WIN,,,,ES,2026-07-24T14:16:38.901237,2.5,87.75,0.35,35.1,7.61,1,0,7438.0,0.0
EDE2B809,2026-07-24T14:25:55.526908,supply_demand,buy,NY_OPEN,7452.0,,7450.5,-1.0,LOSS,,,,ES,2026-07-24T14:21:52.166858,2.5,-59.12,0.58,59.12,7.23,1,0,7452.0,0.0
C7CC2720,2026-07-24T14:39:00.562171,mamba_scalp,sell,NY_OPEN,28390.25,,28391.0,-1.0,LOSS,,,,NQ,2026-07-24T14:37:04.519796,3.0,-70.94,0.7,70.94,7.74,1,0,28390.25,0.0
0FCE00E7,2026-07-24T14:46:32.642296,orb_scalp,sell,NY_OPEN,89.34,,89.59,-1.0,LOSS,,,,CL,2026-07-24T14:37:10.012654,2.0,-52.7,0.52,52.7,6.89,0,0,,0.0
D4DB1691,2026-07-24T14:57:04.486295,orb_scalp,sell,NY_OPEN,28283.5,,28292.25,-1.0,LOSS,,,,NQ,2026-07-24T14:52:22.677309,3.0,-26.03,0.26,26.03,7.1,1,0,28283.5,0.0
AFD48D68,2026-07-24T15:00:36.042008,supply_demand,buy,NY_OPEN,7439.0,,7447.75,2.5,WIN,,,,ES,2026-07-24T14:57:30.326995,2.5,64.9,0.26,25.96,7.23,1,0,7439.0,0.0
B17145E1,2026-07-24T15:08:11.515901,supply_demand,buy,NY_OPEN,1.33,,1.3334,1.5,WIN,,,,GBPUSD,2026-07-24T15:07:40.586078,1.5,78.39,0.52,52.26,6.64,1,0,1.33,0.0
2FB7167C,2026-07-24T15:19:51.810970,ict_5step,buy,NY_OPEN,7464.0,,7456.5,-1.0,LOSS,,,,ES,2026-07-24T15:12:47.365371,2.5,-70.9,0.7,70.9,7.87,0,0,,0.0
EBF92759,2026-07-24T15:25:24.515648,orb_scalp,buy,NY_OPEN,7469.0,,7482.0,2.5,WIN,,,,ES,2026-07-24T15:23:03.057582,2.5,130.75,0.52,52.3,7.48,1,0,7469.0,0.0
591AFE14,2026-07-24T15:30:26.970715,ict_5step,buy,NY_OPEN,1.14,,1.1387,-1.0,LOSS,,,,EURUSD,2026-07-24T15:12:53.771105,1.5,-52.67,0.52,52.67,7.28,0,0,,0.0
1A40D9E5,2026-07-24T15:32:57.945905,ict_5step,buy,NY_OPEN,4082.2,,4077.8999,-1.0,LOSS,,,,XAUUSD,2026-07-24T15:28:14.425044,2.0,-78.45,0.77,78.45,7.71,0,0,,0.0
918D827D,2026-07-24T15:39:02.235733,orb_scalp,buy,NY_OPEN,28548.0,,28520.75,-1.0,LOSS,,,,NQ,2026-07-24T15:38:24.945802,3.0,-52.3,0.52,52.3,7.16,0,0,,0.0
CB77367A,2026-07-24T15:39:02.509977,supply_demand,sell,NY_OPEN,87.86,,88.22,-1.0,LOSS,,,,CL,2026-07-24T15:38:30.257547,2.0,-52.3,0.52,52.3,7.08,0,0,,0.0
72EF6E50,2026-07-24T16:39:26.556398,supply_demand,sell,NY_OPEN,1.14,,1.1384,1.5,WIN,,,,EURUSD,2026-07-24T15:48:40.934528,1.5,38.82,0.26,25.88,7.08,1,0,1.14,0.0
D88ABFD7,2026-07-24T18:02:32.510947,supply_demand,sell,NY_AFTERNOON,88.85,,89.1,-1.0,LOSS,,,,CL,2026-07-24T17:44:47.340666,2.0,-51.96,0.52,51.96,6.64,0,0,,0.0
C1CA5A64,2026-07-24T18:21:45.269373,supply_demand,sell,NY_AFTERNOON,28456.5,,28436.25,3.0,WIN,,,,NQ,2026-07-24T18:15:18.330793,3.0,155.07,0.52,51.69,6.86,1,0,28456.5,0.0
147E0191,2026-07-24T19:19:43.619282,supply_demand,buy,NY_AFTERNOON,7441.75,,7435.25,-1.0,LOSS,,,,ES,2026-07-24T18:55:54.142744,2.5,-52.49,0.52,52.49,6.86,0,0,,0.0
A5F6B58E,2026-07-24T20:06:55.886018,supply_demand,sell,NY_AFTERNOON,89.23,,89.62,-1.0,LOSS,,,,CL,2026-07-24T19:47:00.408389,2.0,-52.22,0.52,52.22,6.64,0,0,,0.0
0CF9F952,2026-07-27T00:05:08.979407,supply_demand,buy,ASIAN,163.68,,163.558,-1.0,LOSS,,,,USDJPY,2026-07-26T23:26:23.054100,1.5,-55.94,0.56,55.94,6.84,0,0,,0.0
67B4E2B4,2026-07-27T06:37:33.430035,supply_demand,sell,ASIAN,0.7,,0.7012,-1.0,LOSS,,,,AUDUSD,2026-07-27T04:13:55.940885,1.5,-37.75,0.38,37.75,7.13,0,0,,0.0
1F73488B,2026-07-27T07:15:12.505924,supply_demand,buy,ASIAN,163.6,,163.478,-1.0,LOSS,,,,USDJPY,2026-07-27T03:23:33.016257,1.5,-37.75,0.38,37.75,6.89,0,0,,0.0
79A8746E,2026-07-27T07:55:44.107268,supply_demand,sell,LONDON,1.33,,1.334,-1.0,LOSS,,,,GBPUSD,2026-07-27T07:55:28.633510,1.5,-28.59,0.29,28.59,7.38,0,0,,0.0
D33614F0,2026-07-27T10:26:29.232699,supply_demand,buy,LONDON,83.44,,83.19,-1.0,LOSS,,,,CL,2026-07-27T10:21:39.743042,2.0,-28.51,0.29,28.51,6.89,0,0,,0.0
0F4C31D6,2026-07-27T13:28:18.590709,rp_profits,buy,NY_OPEN,4087.5,,4083.5,-1.0,LOSS,,,,XAUUSD,2026-07-27T13:03:04.068457,2.0,-28.42,0.29,28.42,7.13,0,0,,0.0
01E73ED6,2026-07-27T13:41:24.626424,supply_demand,sell,NY_OPEN,28599.0,,28557.75,3.0,WIN,,,,NQ,2026-07-27T13:38:21.247043,3.0,73.29,0.25,24.43,7.38,1,0,28599.0,0.0
775B0B2C,2026-07-27T13:44:26.331023,ict_5step,sell,NY_OPEN,28524.75,,28501.75,3.0,WIN,,,,NQ,2026-07-27T13:43:23.943384,3.0,221.55,0.75,73.85,7.67,1,0,28524.75,0.0
800C59BB,2026-07-27T14:06:37.266483,supply_demand,sell,NY_OPEN,7495.5,,7487.75,2.5,WIN,,,,ES,2026-07-27T13:53:28.296834,2.5,188.78,0.75,75.51,7.38,1,0,7495.5,0.0
2EC3CEE7,2026-07-27T14:11:39.591983,supply_demand,sell,NY_OPEN,4072.5,,4077.6001,-1.0,LOSS,,,,XAUUSD,2026-07-27T14:08:35.341674,2.0,-85.13,0.83,85.13,7.13,0,0,,0.0
95791098,2026-07-27T14:37:33.713768,ict_5step,sell,NY_OPEN,4079.6,,4074.5,2.0,WIN,,,,XAUUSD,2026-07-27T14:13:38.164308,2.0,168.84,0.83,84.42,7.43,1,0,4079.6,0.0
66719B17,2026-07-27T14:41:06.336745,ict_5step,sell,NY_OPEN,7447.75,,7439.75,2.5,WIN,,,,ES,2026-07-27T14:38:57.674596,2.5,284.35,1.1,113.74,7.75,1,0,7447.75,0.0
17EB4F9B,2026-07-27T21:00:31.764541,ict_5step,sell,NY_OPEN,1.33,,1.3351,-1.0,LOSS,,,,GBPUSD,2026-07-27T14:59:09.176336,1.5,-116.87,1.1,116.87,7.5,0,0,,0.0
34A82134,2026-07-27T22:53:22.015397,supply_demand,buy,ASIAN,0.7,,0.699,-1.0,LOSS,,,,AUDUSD,2026-07-27T22:08:25.967744,1.5,-87.21,0.83,87.21,7.2,0,0,,0.0
0C60AB80,2026-07-28T00:10:26.264553,supply_demand,sell,ASIAN,0.7,,0.6985,1.5,WIN,,,,AUDUSD,2026-07-28T00:09:45.022397,1.5,96.91,0.62,64.61,7.2,1,0,0.7,0.0
5035ECEE,2026-07-28T00:47:37.733296,supply_demand,buy,ASIAN,0.7,,0.6989,-1.0,LOSS,,,,AUDUSD,2026-07-28T00:45:06.282476,1.5,-87.29,0.83,87.29,7.2,0,0,,0.0
E1721E41,2026-07-28T09:54:24.409372,supply_demand,sell,ASIAN,163.74,,163.861,-1.0,LOSS,,,,USDJPY,2026-07-28T01:05:15.413426,1.5,-86.57,0.83,86.57,6.95,0,0,,0.0
D8CC8FEF,2026-07-28T12:51:08.353919,supply_demand,buy,NY_OPEN,7459.0,,7453.0,-1.0,LOSS,,,,ES,2026-07-28T12:41:01.848862,2.5,-64.13,0.62,64.13,7.45,0,0,,0.0
70EE1A14,2026-07-28T13:04:44.244122,rp_profits,sell,NY_OPEN,27982.0,,28008.5,-1.0,LOSS,,,,NQ,2026-07-28T13:01:10.757579,3.0,-42.15,0.41,42.15,7.45,0,0,,0.0
BA0F12FE,2026-07-28T15:20:21.924815,supply_demand,sell,LONDON,1.14,,1.14,0.25,LOSS,,,,EURUSD,2026-07-27T10:11:35.618461,1.5,7.12,0.29,28.51,7.38,1,1,1.14,21.38
DF99334B,2026-07-28T15:26:25.120833,orb_scalp,sell,NY_OPEN,80.73,,80.29,2.0,WIN,,,,CL,2026-07-28T15:22:36.394795,2.0,51.22,0.25,25.61,7.05,1,0,80.73,0.0
D9580B1B,2026-07-28T15:28:56.868090,mamba_scalp,buy,NY_OPEN,27874.75,,27911.25,3.0,WIN,,,,NQ,2026-07-28T15:27:38.675842,3.0,154.44,0.5,51.48,7.68,1,0,27874.75,0.0
3E2E0F6A,2026-07-28T15:37:00.515818,ict_5step,buy,NY_OPEN,7468.0,,7475.25,2.5,WIN,,,,ES,2026-07-28T15:32:41.263216,2.5,195.95,0.75,78.38,7.83,1,0,7468.0,0.0
E81DE922,2026-07-28T15:54:41.069053,orb_scalp,buy,NY_OPEN,7471.5,,7477.5,2.5,WIN,,,,ES,2026-07-28T15:37:44.156377,2.5,149.05,0.56,59.62,7.37,1,0,7471.5,0.0
AECE0F23,2026-07-28T16:56:19.708401,ict_5step,buy,NY_OPEN,4044.5,,4039.8999,-1.0,LOSS,,,,XAUUSD,2026-07-28T15:57:54.554509,2.0,-118.75,1.1,118.75,7.58,0,0,,0.0
4C6292F6,2026-07-28T18:06:11.735775,supply_demand,sell,NY_AFTERNOON,27950.75,,27935.25,3.0,WIN,,,,NQ,2026-07-28T18:03:57.382503,3.0,240.21,0.75,80.07,7.01,1,0,27950.75,0.0
792BEEB6,2026-07-28T20:04:30.875123,supply_demand,sell,NY_AFTERNOON,27950.25,,27975.5,-1.0,LOSS,,,,NQ,2026-07-28T19:59:56.506004,3.0,-90.61,0.83,90.61,7.01,0,0,,0.0
EE035403,2026-07-28T22:24:41.669373,ict_5step,buy,NY_OPEN,1.33,,1.3284,-1.0,LOSS,,,,GBPUSD,2026-07-28T13:06:14.567821,1.5,-56.3,0.55,56.3,7.5,0,0,,0.0
A486BD90,2026-07-29T00:53:23.068916,supply_demand,buy,ASIAN,163.85,,163.717,-1.0,LOSS,,,,USDJPY,2026-07-28T22:36:18.419591,1.5,-89.39,0.83,89.39,7.01,0,0,,0.0
F7921B8C,2026-07-29T01:18:09.158559,supply_demand,buy,ASIAN,0.7,,0.6972,-1.0,LOSS,,,,AUDUSD,2026-07-29T01:17:39.292131,1.5,-66.22,0.62,66.22,7.27,0,0,,0.0
37ED3F9C,2026-07-29T02:51:50.612985,ict_5step,buy,ASIAN,4030.3,,4036.5,2.0,WIN,,,,XAUUSD,2026-07-29T02:38:16.975580,2.0,87.04,0.41,43.52,6.8,1,0,4030.3,0.0
14C71449,2026-07-29T04:13:03.789143,supply_demand,buy,ASIAN,163.68,,163.545,-1.0,LOSS,,,,USDJPY,2026-07-29T03:33:45.716424,1.5,-88.82,0.83,88.82,7.06,0,0,,0.0
9CF212C0,2026-07-29T04:44:11.074386,ict_5step,sell,ASIAN,4021.1,,4025.3,-1.0,LOSS,,,,XAUUSD,2026-07-29T04:19:05.443714,2.0,-88.08,0.83,88.08,6.84,0,0,,0.0
6DB8FCCF,2026-07-29T04:50:12.806307,supply_demand,sell,ASIAN,163.32,,163.449,-1.0,LOSS,,,,USDJPY,2026-07-29T04:44:17.942696,1.5,-87.35,0.83,87.35,7.06,0,0,,0.0
32A23BEA,2026-07-29T07:30:30.897086,supply_demand,buy,LONDON,81.89,,82.3,2.0,WIN,,,,CL,2026-07-29T07:25:27.671903,2.0,79.32,0.38,39.66,7.06,1,0,81.89,0.0
F1C5F506,2026-07-29T19:05:11.239054,supply_demand,buy,LONDON,163.68,,163.539,-1.0,LOSS,,,,USDJPY,2026-07-29T10:47:07.581775,1.5,-87.28,0.83,87.28,6.52,1,0,163.68,0.0
797528F4,2026-07-29T21:02:33.908109,supply_demand,sell,LONDON,1.33,,1.3365,-1.0,LOSS,,,,GBPUSD,2026-07-29T09:46:41.438923,1.5,-105.16,1.0,105.16,7.6,0,0,,0.0
15DA2582,2026-07-31T02:21:15.046130,supply_demand,sell,ASIAN,160.7,,160.533,1.5,WIN,,,,USDJPY,2026-07-31T02:02:56.091608,1.5,60.39,0.39,40.26,6.85,1,0,160.7,0.0
27736ABC,2026-07-31T03:47:33.787524,supply_demand,sell,ASIAN,160.73,,160.564,1.5,WIN,,,,USDJPY,2026-07-31T03:34:26.000645,1.5,81.0,0.52,54.0,6.85,1,0,160.73,0.0
9B974323,2026-07-31T06:04:40.042121,supply_demand,sell,ASIAN,160.68,,160.508,1.5,WIN,,,,USDJPY,2026-07-31T04:25:05.679350,1.5,81.63,0.52,54.42,6.85,1,0,160.68,0.0
A78365D3,2026-07-31T06:57:05.403843,supply_demand,sell,ASIAN,160.06,,160.206,-1.0,LOSS,,,,USDJPY,2026-07-31T06:52:02.769815,1.5,-61.17,0.58,61.17,6.85,0,0,,0.0
B784DAB3,2026-07-31T08:58:19.068590,supply_demand,buy,LONDON,1.35,,1.3461,-1.0,LOSS,,,,GBPUSD,2026-07-31T08:58:17.996240,1.5,-80.74,0.77,80.74,7.69,0,0,,0.0
CF9FED5F,2026-07-31T11:16:40.185268,supply_demand,buy,LONDON,1.15,,1.1498,0.25,LOSS,,,,EURUSD,2026-07-31T08:58:08.367655,1.5,20.18,0.77,80.74,7.69,1,1,1.15,60.55
A91C86E3,2026-07-31T13:19:41.202362,ict_5step,sell,NY_OPEN,1.34,,1.3417,-1.0,LOSS,,,,GBPUSD,2026-07-31T13:15:39.068733,1.5,-36.49,0.35,36.49,7.74,0,0,,0.0
4ACF96E5,2026-07-31T13:26:50.920201,ict_5step,buy,NY_OPEN,28524.25,,28539.75,3.0,WIN,,,,NQ,2026-07-31T13:20:56.197717,3.0,109.08,0.35,36.36,8.01,1,0,28524.25,0.0
943E3729,2026-07-31T13:32:53.044459,rp_profits,buy,NY_OPEN,4094.1,,4099.1001,2.0,WIN,,,,XAUUSD,2026-07-31T13:20:46.584224,2.0,54.02,0.26,27.01,7.41,1,0,4094.1,0.0
47D60499,2026-07-31T13:40:55.121743,ict_5step,buy,NY_OPEN,7495.25,,7502.25,2.5,WIN,,,,ES,2026-07-31T13:36:15.097608,2.5,203.12,0.77,81.25,8.26,1,0,7495.25,0.0
090248AB,2026-07-31T13:47:35.311164,supply_demand,buy,NY_OPEN,28690.0,,28661.5,-1.0,LOSS,,,,NQ,2026-07-31T13:46:31.321146,3.0,-82.81,0.77,82.81,7.69,0,0,,0.0
42A155E2,2026-07-31T13:51:41.005997,ict_5step,sell,NY_OPEN,1.34,,1.3417,-1.0,LOSS,,,,GBPUSD,2026-07-31T13:41:24.739699,1.5,-82.81,0.77,82.81,7.74,0,0,,0.0
3E27D8D9,2026-07-31T13:58:19.652900,ict_5step,sell,NY_OPEN,28403.75,,28357.5,3.0,WIN,,,,NQ,2026-07-31T13:56:46.911763,3.0,184.26,0.58,61.42,8.26,1,0,28403.75,0.0
244A89D5,2026-07-31T14:03:26.536622,rp_profits,buy,NY_OPEN,7475.5,,7467.0,-1.0,LOSS,,,,ES,2026-07-31T14:01:54.006044,2.5,-82.95,0.77,82.95,7.94,0,0,,0.0
12C8265E,2026-07-31T14:06:58.258391,ict_5step,sell,NY_OPEN,4082.9,,4087.2,-1.0,LOSS,,,,XAUUSD,2026-07-31T13:51:38.799581,2.0,-82.17,0.77,82.17,7.74,0,0,,0.0
D6BE8B2D,2026-07-31T14:18:00.079528,rp_profits,buy,NY_OPEN,4087.4,,4080.2,-1.0,LOSS,,,,XAUUSD,2026-07-31T14:12:03.089469,2.0,-81.68,0.77,81.68,7.56,0,0,,0.0
54421AF2,2026-07-31T14:32:35.362089,ict_5step,sell,NY_OPEN,7448.0,,7449.75,0.75,LOSS,,,,ES,2026-07-31T14:17:10.814575,2.5,61.26,0.77,81.68,8.26,1,1,7448.0,102.1
EC926A87,2026-07-31T14:32:36.018657,supply_demand,buy,NY_OPEN,1.15,,1.1485,-1.0,LOSS,,,,EURUSD,2026-07-31T14:32:25.708652,1.5,-45.26,0.43,45.26,7.16,0,0,,0.0
388CAFFF,2026-07-31T14:37:36.404004,mamba_scalp,sell,NY_OPEN,28192.5,,28212.75,-1.0,LOSS,,,,NQ,2026-07-31T14:37:31.575211,3.0,-41.12,0.39,41.12,7.8,0,0,,0.0
6A313455,2026-07-31T14:43:11.244273,supply_demand,buy,NY_OPEN,1.34,,1.3443,1.5,WIN,,,,GBPUSD,2026-07-31T14:42:40.071930,1.5,45.67,0.29,30.45,7.16,1,0,1.34,0.0
D4BCCE84,2026-07-31T14:54:14.850919,mamba_scalp,sell,NY_OPEN,7460.25,,7467.25,-1.0,LOSS,,,,ES,2026-07-31T14:52:48.545609,2.5,-81.21,0.77,81.21,8.1,0,0,,0.0
6472A478,2026-07-31T15:17:27.763357,orb_scalp,buy,NY_OPEN,7473.5,,7471.0,-1.0,LOSS,,,,ES,2026-07-31T15:08:07.033529,2.5,-73.26,0.7,73.26,7.78,1,0,7473.5,0.0
220667C3,2026-07-31T15:19:29.371998,mamba_scalp,sell,NY_OPEN,28307.25,,28267.25,3.0,WIN,,,,NQ,2026-07-31T15:18:17.728703,3.0,218.25,0.7,72.75,8.1,1,0,28307.25,0.0
1F5B483E,2026-07-31T15:48:11.786190,ict_5step,buy,NY_OPEN,1.15,,1.1515,1.5,WIN,,,,EURUSD,2026-07-31T14:52:54.789695,1.5,121.81,0.77,81.21,7.74,1,0,1.15,0.0
43072FFE,2026-07-31T15:48:12.083453,supply_demand,buy,NY_OPEN,1.15,,1.1515,1.5,WIN,,,,EURUSD,2026-07-31T15:28:28.042723,1.5,92.31,0.58,61.54,7.16,1,0,1.15,0.0
A306451B,2026-07-31T15:57:48.778811,orb_scalp,sell,NY_OPEN,84.95,,84.55,2.0,WIN,,,,CL,2026-07-31T15:53:46.231911,2.0,125.56,0.58,62.78,7.25,1,0,84.95,0.0
3A8793A3,2026-08-03T07:33:14.653478,supply_demand,buy,LONDON,1.35,,1.3467,-1.0,LOSS,,,,GBPUSD,2026-08-03T07:32:44.969348,1.5,-109.5,1.0,109.5,7.64,0,0,,0.0
7B88A3FB,2026-08-03T09:08:59.498925,supply_demand,sell,LONDON,1.15,,1.1523,-1.0,LOSS,,,,EURUSD,2026-08-03T09:08:29.823875,1.5,-81.31,0.75,81.31,7.64,0,0,,0.0
FC344A52,2026-08-03T10:19:34.464023,supply_demand,sell,LONDON,1.15,,1.1523,-1.0,LOSS,,,,EURUSD,2026-08-03T10:19:04.629711,1.5,-60.25,0.56,60.25,7.64,0,0,,0.0
A548645F,2026-08-03T12:05:19.840785,supply_demand,sell,NY_OPEN,1.15,,1.1537,-1.0,LOSS,,,,EURUSD,2026-08-03T12:04:50.020119,1.5,-26.75,0.25,26.75,7.36,0,0,,0.0
CBEECEA5,2026-08-03T13:00:22.250942,supply_demand,sell,NY_OPEN,28487.25,,28455.5,3.0,WIN,,,,NQ,2026-08-03T12:55:11.601150,3.0,80.04,0.25,26.68,7.64,1,1,28487.25,40.02
D6F5B401,2026-08-03T13:15:23.206380,rp_profits,sell,NY_OPEN,1.15,,1.1533,-1.0,LOSS,,,,EURUSD,2026-08-03T13:15:21.599461,1.5,-60.22,0.56,60.22,7.36,0,0,,0.0
B991378D,2026-08-03T13:30:59.072030,rp_profits,buy,NY_OPEN,1.35,,1.3464,-1.0,LOSS,,,,GBPUSD,2026-08-03T13:30:29.259078,1.5,-40.63,0.38,40.63,7.36,0,0,,0.0
46C61440,2026-08-03T13:41:30.234367,ict_5step,sell,NY_OPEN,28408.5,,28354.75,3.0,WIN,,,,NQ,2026-08-03T13:40:33.370930,3.0,121.44,0.38,40.48,7.96,1,0,28408.5,0.0
B7C15980,2026-08-03T13:44:01.078090,ict_5step,sell,NY_OPEN,7552.75,,7559.25,-1.0,LOSS,,,,ES,2026-08-03T13:40:32.946328,2.5,-40.48,0.38,40.48,7.96,0,0,,0.0
0024027F,2026-08-03T14:01:32.778107,rp_profits,buy,NY_OPEN,1.15,,1.1526,1.5,WIN,,,,EURUSD,2026-08-03T14:00:43.875571,1.5,61.17,0.38,40.78,7.36,1,0,1.15,0.0
564838B3,2026-08-03T14:02:03.152764,rp_profits,sell,NY_OPEN,7568.5,,7576.75,-1.0,LOSS,,,,ES,2026-08-03T14:00:42.792285,2.5,-53.66,0.5,53.66,7.64,0,0,,0.0
785D675F,2026-08-03T14:13:06.803820,rp_profits,sell,NY_OPEN,28588.25,,28600.25,-1.0,LOSS,,,,NQ,2026-08-03T14:10:49.004573,3.0,-80.55,0.75,80.55,7.64,1,0,28588.25,0.0
BDB7E8B3,2026-08-03T14:13:37.195892,ict_5step,buy,NY_OPEN,7582.5,,7588.25,2.5,WIN,,,,ES,2026-08-03T14:05:45.917575,2.5,201.38,0.75,80.55,7.96,1,0,7582.5,0.0
9227E8F3,2026-08-03T14:16:07.551940,ict_5step,sell,NY_OPEN,1.15,,1.1521,-1.0,LOSS,,,,EURUSD,2026-08-03T14:15:52.160601,1.5,-108.61,1.0,108.61,7.69,0,0,,0.0
E9B07F3C,2026-08-03T14:26:38.541133,rp_profits,buy,NY_OPEN,1.15,,1.1521,1.5,WIN,,,,EURUSD,2026-08-03T14:25:57.355491,1.5,67.74,0.42,45.16,7.36,1,0,1.15,0.0
4ECEE46E,2026-08-03T14:32:40.327275,mamba_scalp,buy,NY_OPEN,28637.0,,28656.25,3.0,WIN,,,,NQ,2026-08-03T14:30:59.642924,3.0,243.45,0.75,81.15,7.8,1,0,28637.0,0.0
CAF55AE7,2026-08-03T14:50:16.083732,mamba_scalp,buy,NY_OPEN,7595.5,,7601.5,2.5,WIN,,,,ES,2026-08-03T14:30:59.095952,2.5,202.88,0.75,81.15,7.8,1,0,7595.5,0.0
45BB990E,2026-08-03T15:06:21.901179,orb_scalp,buy,NY_OPEN,7598.0,,7605.5,2.5,WIN,,,,ES,2026-08-03T14:36:02.455052,2.5,207.45,0.75,82.98,7.48,1,0,7598.0,0.0
8053A4C0,2026-08-03T15:16:26.841452,ict_5step,buy,NY_OPEN,28789.0,,28764.25,-1.0,LOSS,,,,NQ,2026-08-03T15:06:19.630812,3.0,-123.93,1.1,123.93,7.96,0,0,,0.0
6E4EBA82,2026-08-03T15:51:45.403606,mamba_scalp,buy,NY_OPEN,7604.0,,7609.5,2.5,WIN,,,,ES,2026-08-03T15:26:30.676670,2.5,312.12,1.1,124.85,7.8,1,0,7604.0,0.0
76891DE7,2026-08-03T16:37:43.053136,ict_5step,buy,NY_OPEN,7605.75,,7615.75,2.5,WIN,,,,ES,2026-08-03T15:11:22.144622,2.5,315.52,1.1,126.21,7.96,1,1,7605.75,157.76
73BD4571,2026-08-03T18:44:57.113063,ict_5step,buy,NY_OPEN,1.15,,1.1515,1.5,WIN,,,,EURUSD,2026-08-03T15:56:47.995163,1.5,192.42,1.1,128.28,7.69,1,0,1.15,0.0
D4743C01,2026-08-04T12:22:29.274728,supply_demand,sell,NY_OPEN,1.34,,1.3445,-1.0,LOSS,,,,GBPUSD,2026-08-04T12:21:59.379610,1.5,-101.01,0.83,101.01,7.36,0,0,,0.0
3DAF1C26,2026-08-04T13:07:31.233359,ict_5step,sell,NY_OPEN,1.15,,1.1515,-1.0,LOSS,,,,EURUSD,2026-08-04T13:07:19.525039,1.5,-132.76,1.1,132.76,7.69,0,0,,0.0
991ABC4E,2026-08-04T13:31:07.464654,ict_5step,sell,NY_OPEN,7652.25,,7662.5,-1.0,LOSS,,,,ES,2026-08-04T13:02:16.353108,2.5,-132.76,1.1,132.76,7.96,0,0,,0.0
D1384A08,2026-08-04T13:43:08.923119,ict_5step,buy,NY_OPEN,1.15,,1.1527,1.5,WIN,,,,EURUSD,2026-08-04T13:42:36.447701,1.5,97.38,0.55,64.92,7.69,1,0,1.15,0.0
9F6BF970,2026-08-04T13:45:40.415466,supply_demand,buy,NY_OPEN,29332.0,,29402.25,3.0,WIN,,,,NQ,2026-08-04T13:42:35.684641,3.0,194.76,0.55,64.92,7.64,1,1,29332.0,97.38
91DC6A55,2026-08-04T13:51:11.954091,ict_5step,buy,NY_OPEN,29362.75,,29425.0,3.0,WIN,,,,NQ,2026-08-04T13:47:38.378820,3.0,399.16,1.1,133.05,7.96,1,1,29362.75,199.58
7D96ADC2,2026-08-04T14:03:15.396172,rp_profits,sell,NY_OPEN,1.15,,1.1529,-1.0,LOSS,,,,EURUSD,2026-08-04T14:02:46.514661,1.5,-103.71,0.83,103.71,7.36,0,0,,0.0
591003DA,2026-08-04T14:08:48.989892,rp_profits,sell,NY_OPEN,4146.9,,4141.5,2.0,WIN,,,,XAUUSD,2026-08-04T14:02:45.227100,2.0,207.42,0.83,103.71,7.36,1,0,4146.9,0.0
B98EA95F,2026-08-04T14:11:20.980959,rp_profits,sell,NY_OPEN,7680.0,,7687.25,-1.0,LOSS,,,,ES,2026-08-04T14:07:48.505023,2.5,-136.3,1.1,136.3,7.64,0,0,,0.0
DEB096E1,2026-08-04T14:13:52.923052,ict_5step,buy,NY_OPEN,1.15,,1.1534,1.5,WIN,,,,EURUSD,2026-08-04T14:12:52.141138,1.5,155.16,0.83,103.44,7.69,1,0,1.15,0.0
2ADEA995,2026-08-04T14:13:53.207450,rp_profits,sell,NY_OPEN,1.35,,1.3453,1.5,WIN,,,,GBPUSD,2026-08-04T14:12:52.605909,1.5,115.91,0.62,77.27,7.36,1,0,1.35,0.0
55A7D8F2,2026-08-04T14:40:59.819061,mamba_scalp,buy,NY_OPEN,7700.25,,7693.5,-1.0,LOSS,,,,ES,2026-08-04T14:38:03.511911,2.5,-140.07,1.1,140.07,7.8,0,0,,0.0
DF02F84F,2026-08-04T14:41:00.377519,orb_scalp,buy,NY_OPEN,29553.0,,29527.75,-1.0,LOSS,,,,NQ,2026-08-04T14:38:03.997818,3.0,-105.69,0.83,105.69,7.48,0,0,,0.0
725C2B8E,2026-08-04T14:46:31.544501,ict_5step,buy,NY_OPEN,29562.25,,29540.25,-1.0,LOSS,,,,NQ,2026-08-04T14:43:06.587606,3.0,-103.65,0.83,103.65,7.96,0,0,,0.0
0B786CC7,2026-08-04T15:06:08.665269,orb_scalp,buy,NY_OPEN,7706.75,,7711.75,2.5,WIN,,,,ES,2026-08-04T14:53:11.366878,2.5,126.93,0.41,50.77,7.48,1,0,7706.75,0.0
28B017E0,2026-08-04T15:33:22.197536,orb_scalp,buy,NY_OPEN,76.75,,76.48,-1.0,LOSS,,,,CL,2026-08-04T14:53:12.287416,2.0,-50.77,0.41,50.77,7.2,0,0,,0.0
C002D87C,2026-08-04T15:35:22.939318,ict_5step,buy,NY_OPEN,7719.5,,7730.0,2.5,WIN,,,,ES,2026-08-04T15:13:22.547006,2.5,344.06,1.1,137.62,7.96,1,1,7719.5,172.03
B4EF2F0A,2026-08-04T16:09:36.665468,ict_5step,buy,NY_OPEN,29669.25,,29669.25,1.0,LOSS,,,,NQ,2026-08-04T15:53:42.638668,3.0,140.85,1.1,140.85,7.96,1,1,29669.25,211.27
AD202BD4,2026-08-04T16:42:16.078517,orb_scalp,buy,NY_OPEN,7725.25,,7747.25,2.5,WIN,,,,ES,2026-08-04T15:38:34.928595,2.5,265.7,0.83,106.28,7.48,1,1,7725.25,132.85
20E92EB7,2026-08-05T08:42:36.316537,supply_demand,sell,LONDON,1.35,,1.3458,1.5,WIN,,,,GBPUSD,2026-08-05T08:41:36.009076,1.5,217.98,1.1,145.32,7.64,1,0,1.35,0.0
3BD1EFA1,2026-08-05T13:12:32.443281,supply_demand,sell,NY_OPEN,29934.75,,29939.25,1.0,LOSS,,,,NQ,2026-08-05T12:53:20.674143,3.0,147.72,1.1,147.72,7.64,1,1,29934.75,221.58
45FF3975,2026-08-05T13:41:16.811075,ict_5step,buy,NY_OPEN,7807.25,,7818.5,2.5,WIN,,,,ES,2026-08-05T13:23:35.100552,2.5,373.36,1.1,149.34,7.96,1,1,7807.25,186.68
217815E0,2026-08-05T13:46:49.720864,ict_5step,buy,NY_OPEN,29976.75,,29920.25,1.0,LOSS,,,,NQ,2026-08-05T13:43:45.659047,3.0,153.45,1.1,153.45,7.96,1,1,29976.75,230.17
8903CB59,2026-08-05T14:04:58.332860,rp_profits,sell,NY_OPEN,30013.0,,30020.25,-1.0,LOSS,,,,NQ,2026-08-05T14:03:55.786540,3.0,-155.14,1.1,155.14,7.64,1,0,30013.0,0.0
830FFE74,2026-08-05T14:15:04.290552,rp_profits,sell,NY_OPEN,1.16,,1.1557,1.5,WIN,,,,EURUSD,2026-08-05T14:14:03.415272,1.5,129.72,0.62,86.48,7.36,1,0,1.16,0.0
EE049B4C,2026-08-05T14:56:57.194929,orb_scalp,sell,NY_OPEN,7796.25,,7797.5,0.75,LOSS,,,,ES,2026-08-05T14:49:21.491416,2.5,87.64,0.83,116.85,7.48,1,1,7796.25,146.06
F0D6BF33,2026-08-05T15:28:13.380860,ict_5step,sell,NY_OPEN,7787.25,,7765.25,2.5,WIN,,,,ES,2026-08-05T15:09:31.133122,2.5,389.54,1.1,155.82,7.96,1,1,7787.25,194.77
74DD647B,2026-08-05T15:42:20.031378,orb_scalp,sell,NY_OPEN,7775.5,,7775.5,0.75,LOSS,,,,ES,2026-08-05T15:34:43.209216,2.5,90.6,0.83,120.81,7.48,1,1,7775.5,151.01
03328EF4,2026-08-05T15:50:22.624582,supply_demand,sell,LONDON,1.35,,1.3458,1.5,WIN,,,,GBPUSD,2026-08-05T10:02:09.749858,1.5,221.58,1.1,147.72,7.64,1,1,1.35,110.79
266FACB1,2026-08-06T07:33:02.415210,supply_demand,buy,LONDON,1.35,,1.3461,-1.0,LOSS,,,,GBPUSD,2026-08-06T07:32:54.438818,1.5,-163.54,1.1,163.54,7.64,0,0,,0.0
E282FA7F,2026-08-06T14:52:11.312412,supply_demand,buy,NY_OPEN,29537.25,,29603.25,3.0,WIN,,,,NQ,2026-08-06T12:30:00.138913,3.0,366.12,0.83,122.04,7.64,1,1,29537.25,183.06
5F415227,2026-08-06T14:52:41.880267,orb_scalp,sell,NY_OPEN,7749.5,,7760.0,-1.0,LOSS,,,,ES,2026-08-06T14:51:06.350503,2.5,-91.16,0.62,91.16,7.48,0,0,,0.0
40CCFD22,2026-08-06T15:13:31.723501,ict_5step,buy,NY_OPEN,29645.25,,29611.5,-1.0,LOSS,,,,NQ,2026-08-06T15:11:26.495948,3.0,-164.77,1.1,164.77,7.96,0,0,,0.0
1D38CB72,2026-08-06T15:24:13.351620,orb_scalp,buy,NY_OPEN,29676.5,,29644.0,-1.0,LOSS,,,,NQ,2026-08-06T15:21:36.105002,3.0,-91.85,0.62,91.85,7.48,0,0,,0.0
A7D88B40,2026-08-06T15:26:46.261420,orb_scalp,buy,NY_OPEN,76.58,,76.9,2.0,WIN,,,,CL,2026-08-06T15:06:22.217379,2.0,248.64,0.83,124.32,7.2,1,0,76.58,0.0
FD9E8D42,2026-08-06T15:29:18.281978,mamba_scalp,sell,NY_OPEN,7749.25,,7742.25,2.5,WIN,,,,ES,2026-08-06T15:26:41.342640,2.5,202.43,0.55,80.97,7.8,1,0,7749.25,0.0
71C227BE,2026-08-06T15:57:14.365341,ict_5step,sell,NY_OPEN,7741.0,,7741.25,0.75,LOSS,,,,ES,2026-08-06T15:31:46.168226,2.5,125.17,1.1,166.9,7.96,1,1,7741.0,208.62
09F42CFF,2026-08-06T15:57:14.653318,orb_scalp,sell,NY_OPEN,7740.0,,7741.25,0.75,LOSS,,,,ES,2026-08-06T15:36:51.402182,2.5,94.46,0.83,125.94,7.48,1,1,7740.0,157.43
80ADE33D,2026-08-06T20:00:09.147220,supply_demand,buy,NY_AFTERNOON,29503.5,,29481.0,-1.0,LOSS,,,,NQ,2026-08-06T19:55:07.988646,3.0,-95.44,0.62,95.44,7.09,0,0,,0.0
618DA34B,2026-08-07T07:52:23.561818,supply_demand,buy,LONDON,1.34,,1.3451,1.5,WIN,,,,GBPUSD,2026-08-07T07:50:52.574230,1.5,126.22,0.55,84.14,7.64,1,1,1.34,63.11
37E00C94,2026-08-07T12:16:13.469593,supply_demand,buy,NY_OPEN,29664.0,,29642.75,-1.0,LOSS,,,,NQ,2026-08-07T12:12:55.987661,3.0,-169.66,1.1,169.66,7.64,0,0,,0.0
0328211A,2026-08-07T12:18:13.874175,supply_demand,buy,NY_OPEN,1.35,,1.345,-1.0,LOSS,,,,GBPUSD,2026-08-07T12:17:59.420386,1.5,-126.61,0.83,126.61,7.36,0,0,,0.0
B45A63E5,2026-08-07T12:52:45.902120,supply_demand,buy,NY_OPEN,29766.25,,29797.0,3.0,WIN,,,,NQ,2026-08-07T12:48:11.754620,3.0,376.68,0.83,125.56,7.64,1,1,29766.25,188.34
E4466EEC,2026-08-07T13:04:18.486870,rp_profits,sell,NY_OPEN,4424.7,,4429.2002,-1.0,LOSS,,,,XAUUSD,2026-08-07T13:03:18.763738,2.0,-128.68,0.83,128.68,7.36,0,0,,0.0
946B9C5D,2026-08-07T13:06:19.206871,ict_5step,buy,NY_OPEN,29861.0,,29836.25,-1.0,LOSS,,,,NQ,2026-08-07T13:03:19.505082,3.0,-170.54,1.1,170.54,7.96,0,0,,0.0
99C70534,2026-08-07T13:11:50.744552,rp_profits,sell,NY_OPEN,29836.5,,29811.75,3.0,WIN,,,,NQ,2026-08-07T13:08:27.196194,3.0,378.6,0.83,126.2,7.64,1,0,29836.5,0.0
CF91C752,2026-08-07T13:35:24.948332,supply_demand,sell,NY_OPEN,29742.0,,29709.25,3.0,WIN,,,,NQ,2026-08-07T13:23:34.442565,3.0,514.26,1.1,171.42,7.64,1,1,29742.0,257.13
3844F1DE,2026-08-07T13:48:58.513097,ict_5step,sell,NY_OPEN,1.16,,1.157,1.5,WIN,,,,EURUSD,2026-08-07T13:38:42.865979,1.5,265.6,1.1,177.07,7.69,1,1,1.16,132.8
02C732C9,2026-08-07T14:09:59.453864,supply_demand,sell,NY_OPEN,29650.75,,29683.75,-1.0,LOSS,,,,NQ,2026-08-07T14:08:56.909675,3.0,-180.0,1.1,180.0,7.64,0,0,,0.0
5E7F0DA2,2026-08-07T14:17:02.556842,ict_5step,sell,NY_OPEN,29654.0,,29677.5,1.0,LOSS,,,,NQ,2026-08-07T14:13:59.568998,3.0,178.02,1.1,178.02,7.96,1,1,29654.0,267.03
C2CB3C91,2026-08-07T14:20:04.111570,rp_profits,buy,NY_OPEN,29647.5,,29624.75,-1.0,LOSS,,,,NQ,2026-08-07T14:19:02.199703,3.0,-135.8,0.83,135.8,7.64,0,0,,0.0
4B1C7065,2026-08-07T14:37:38.894458,supply_demand,buy,NY_OPEN,29730.25,,29760.75,3.0,WIN,,,,NQ,2026-08-07T14:34:09.512418,3.0,296.94,0.61,98.98,7.64,1,1,29730.25,148.47
BA13F789,2026-08-07T14:41:40.100000,orb_scalp,buy,NY_OPEN,7779.5,,7772.25,-1.0,LOSS,,,,ES,2026-08-07T14:39:12.199788,2.5,-150.35,0.91,150.35,7.48,0,0,,0.0
9FB4C7DC,2026-08-07T14:49:42.725803,ict_5step,buy,NY_OPEN,7772.5,,7765.0,-1.0,LOSS,,,,ES,2026-08-07T14:44:14.835164,2.5,-198.1,1.21,198.1,7.96,0,0,,0.0
9AF22602,2026-08-07T14:56:46.417336,mamba_scalp,sell,NY_OPEN,29675.5,,29704.0,-1.0,LOSS,,,,NQ,2026-08-07T14:54:20.806935,3.0,-147.18,0.91,147.18,7.8,0,0,,0.0
9FAB4910,2026-08-07T16:35:10.065820,mamba_scalp,buy,NY_OPEN,7770.0,,7769.75,0.75,LOSS,,,,ES,2026-08-07T14:59:23.153257,2.5,73.32,0.61,97.76,7.8,1,1,7770.0,122.2
A228C635,2026-08-07T19:00:59.332388,supply_demand,sell,NY_AFTERNOON,29704.25,,29704.75,1.0,LOSS,,,,NQ,2026-08-07T18:41:16.042770,3.0,74.06,0.46,74.06,7.09,1,1,29704.25,111.09
6F303DF4,2026-08-07T19:44:20.573622,supply_demand,buy,NY_AFTERNOON,29806.0,,29785.0,-1.0,LOSS,,,,NQ,2026-08-07T19:21:36.518301,3.0,-74.4,0.46,74.4,7.09,0,0,,0.0
725A3BEF,2026-08-07T21:01:26.734217,ict_5step,sell,NY_OPEN,1.16,,1.1525,1.5,WIN,,,,EURUSD,2026-08-07T14:49:18.220298,1.5,297.14,1.21,198.1,7.69,1,1,1.16,148.57
